{"polyfill":["/polyfill-78da944167c13338ef4c.js"],"app":["/app-c4bfedcc000e1afe567e.js"],"component---node-modules-gatsby-plugin-offline-app-shell-js":["/component---node-modules-gatsby-plugin-offline-app-shell-js-017ff56a07047a3e40e7.js"],"component---src-templates-categories-list-template-js":["/component---src-templates-categories-list-template-js-a113cceb1392dd0851fe.js"],"component---src-templates-category-template-js":["/component---src-templates-category-template-js-db7b53abefacd18cb1d2.js"],"component---src-templates-index-template-js":["/component---src-templates-index-template-js-00b19fd75b0b2690616f.js"],"component---src-templates-not-found-template-js":["/component---src-templates-not-found-template-js-cbed2ff963aea8e68ae1.js"],"component---src-templates-page-template-js":["/component---src-templates-page-template-js-ea03cb0776551157477c.js"],"component---src-templates-post-template-js":["/component---src-templates-post-template-js-42b28318e0f6c98ec70d.js"],"component---src-templates-tag-template-js":["/component---src-templates-tag-template-js-d2965870be3b76156364.js"],"component---src-templates-tags-list-template-js":["/component---src-templates-tags-list-template-js-416b6a76ba6a4c7fe272.js"]}