<?xml version="1.0" encoding="UTF-8"?><rss xmlns:dc="http://purl.org/dc/elements/1.1/" xmlns:content="http://purl.org/rss/1.0/modules/content/" xmlns:atom="http://www.w3.org/2005/Atom" version="2.0"><channel><title><![CDATA[Programming Blog by Santosh Rai]]></title><description><![CDATA[Santosh Rai Blog]]></description><link>https://santosrai.site/</link><generator>GatsbyJS</generator><lastBuildDate>Fri, 24 Jul 2020 09:54:53 GMT</lastBuildDate><item><title><![CDATA[What is double not !! operator in JavaScript]]></title><description><![CDATA[Learning double not operator in JavaScript]]></description><link>https://santosrai.site/posts/What is double not !! operator in JavaScript</link><guid isPermaLink="false">https://santosrai.site/posts/What is double not !! operator in JavaScript</guid><pubDate>Wed, 18 Mar 2020 04:23:50 GMT</pubDate><content:encoded>&lt;h3 id=&quot;introduction&quot; style=&quot;position:relative;&quot;&gt;&lt;a href=&quot;#introduction&quot; aria-label=&quot;introduction permalink&quot; class=&quot;anchor before&quot;&gt;&lt;svg aria-hidden=&quot;true&quot; focusable=&quot;false&quot; height=&quot;16&quot; version=&quot;1.1&quot; viewBox=&quot;0 0 16 16&quot; width=&quot;16&quot;&gt;&lt;path fill-rule=&quot;evenodd&quot; d=&quot;M4 9h1v1H4c-1.5 0-3-1.69-3-3.5S2.55 3 4 3h4c1.45 0 3 1.69 3 3.5 0 1.41-.91 2.72-2 3.25V8.59c.58-.45 1-1.27 1-2.09C10 5.22 8.98 4 8 4H4c-.98 0-2 1.22-2 2.5S3 9 4 9zm9-3h-1v1h1c1 0 2 1.22 2 2.5S13.98 12 13 12H9c-.98 0-2-1.22-2-2.5 0-.83.42-1.64 1-2.09V6.25c-1.09.53-2 1.84-2 3.25C6 11.31 7.55 13 9 13h4c1.45 0 3-1.69 3-3.5S14.5 6 13 6z&quot;&gt;&lt;/path&gt;&lt;/svg&gt;&lt;/a&gt;Introduction&lt;/h3&gt;
&lt;p&gt;As I was reading some JavaScript open source project, I found double not in if statement of JavaScript file which felt weird to me like this.&lt;/p&gt;
&lt;div class=&quot;gatsby-highlight&quot; data-language=&quot;javascript&quot;&gt;&lt;pre class=&quot;language-javascript&quot;&gt;&lt;code class=&quot;language-javascript&quot;&gt;&lt;span class=&quot;token keyword&quot;&gt;if&lt;/span&gt;&lt;span class=&quot;token punctuation&quot;&gt;(&lt;/span&gt;&lt;span class=&quot;token operator&quot;&gt;!&lt;/span&gt;&lt;span class=&quot;token operator&quot;&gt;!&lt;/span&gt;SomeVariable&lt;span class=&quot;token punctuation&quot;&gt;)&lt;/span&gt;&lt;span class=&quot;token punctuation&quot;&gt;{&lt;/span&gt; &lt;span class=&quot;token comment&quot;&gt;//  ??&lt;/span&gt;
        &lt;span class=&quot;token comment&quot;&gt;//some &lt;/span&gt;
&lt;span class=&quot;token punctuation&quot;&gt;}&lt;/span&gt;&lt;/code&gt;&lt;/pre&gt;&lt;/div&gt;
&lt;p&gt;So let’s found out what is !! in JavaScript.&lt;/p&gt;
&lt;p&gt;This is shorthand way to convert any value to a boolean. But before that lets know about truthy and falsey concept in JavaScript. *note : The terms truthy and falsey, which were coined by Douglas Crockford in his book called “JavaScript: The Best Parts”.&lt;/p&gt;
&lt;p&gt;According to concept, these 6 things are falsey:&lt;/p&gt;
&lt;ul&gt;
&lt;li&gt;undefined&lt;/li&gt;
&lt;li&gt;null&lt;/li&gt;
&lt;li&gt;NaN&lt;/li&gt;
&lt;li&gt;0&lt;/li&gt;
&lt;li&gt;&quot;&quot;(empty string)&lt;/li&gt;
&lt;li&gt;false (of Course)&lt;/li&gt;
&lt;/ul&gt;
&lt;p&gt;whereas any object like function, arrays etc are truthy.&lt;/p&gt;
&lt;p&gt;We do have single not(!) too in JavaScript which also convert a value to the boolean. But double not(!) convert it to a real boolean value.&lt;/p&gt;
&lt;p&gt;Lets dive into the code&lt;/p&gt;
&lt;div class=&quot;gatsby-highlight&quot; data-language=&quot;javascript&quot;&gt;&lt;pre class=&quot;language-javascript&quot;&gt;&lt;code class=&quot;language-javascript&quot;&gt;&lt;span class=&quot;token keyword&quot;&gt;let&lt;/span&gt; someVariable &lt;span class=&quot;token operator&quot;&gt;=&lt;/span&gt; &lt;span class=&quot;token number&quot;&gt;0&lt;/span&gt;&lt;span class=&quot;token punctuation&quot;&gt;;&lt;/span&gt;

someVariable &lt;span class=&quot;token operator&quot;&gt;?&lt;/span&gt; &lt;span class=&quot;token boolean&quot;&gt;true&lt;/span&gt; &lt;span class=&quot;token operator&quot;&gt;:&lt;/span&gt; &lt;span class=&quot;token boolean&quot;&gt;false&lt;/span&gt;  &lt;span class=&quot;token comment&quot;&gt;//return false&lt;/span&gt;
&lt;span class=&quot;token operator&quot;&gt;!&lt;/span&gt;someVariable &lt;span class=&quot;token operator&quot;&gt;?&lt;/span&gt; &lt;span class=&quot;token boolean&quot;&gt;true&lt;/span&gt; &lt;span class=&quot;token operator&quot;&gt;:&lt;/span&gt; &lt;span class=&quot;token boolean&quot;&gt;false&lt;/span&gt;  &lt;span class=&quot;token comment&quot;&gt;//return true&lt;/span&gt;
&lt;span class=&quot;token operator&quot;&gt;!&lt;/span&gt;&lt;span class=&quot;token operator&quot;&gt;!&lt;/span&gt;someVariable &lt;span class=&quot;token comment&quot;&gt;//return false&lt;/span&gt;

&lt;span class=&quot;token keyword&quot;&gt;typeof&lt;/span&gt; &lt;span class=&quot;token operator&quot;&gt;!&lt;/span&gt;&lt;span class=&quot;token operator&quot;&gt;!&lt;/span&gt;someVariable  &lt;span class=&quot;token comment&quot;&gt;// return boolean&lt;/span&gt;&lt;/code&gt;&lt;/pre&gt;&lt;/div&gt;
&lt;h2 id=&quot;explanation&quot; style=&quot;position:relative;&quot;&gt;&lt;a href=&quot;#explanation&quot; aria-label=&quot;explanation permalink&quot; class=&quot;anchor before&quot;&gt;&lt;svg aria-hidden=&quot;true&quot; focusable=&quot;false&quot; height=&quot;16&quot; version=&quot;1.1&quot; viewBox=&quot;0 0 16 16&quot; width=&quot;16&quot;&gt;&lt;path fill-rule=&quot;evenodd&quot; d=&quot;M4 9h1v1H4c-1.5 0-3-1.69-3-3.5S2.55 3 4 3h4c1.45 0 3 1.69 3 3.5 0 1.41-.91 2.72-2 3.25V8.59c.58-.45 1-1.27 1-2.09C10 5.22 8.98 4 8 4H4c-.98 0-2 1.22-2 2.5S3 9 4 9zm9-3h-1v1h1c1 0 2 1.22 2 2.5S13.98 12 13 12H9c-.98 0-2-1.22-2-2.5 0-.83.42-1.64 1-2.09V6.25c-1.09.53-2 1.84-2 3.25C6 11.31 7.55 13 9 13h4c1.45 0 3-1.69 3-3.5S14.5 6 13 6z&quot;&gt;&lt;/path&gt;&lt;/svg&gt;&lt;/a&gt;Explanation:&lt;/h2&gt;
&lt;ol&gt;
&lt;li&gt;First expression has 0 so, it return false as result.&lt;/li&gt;
&lt;li&gt;Second expression will reverse the logical(true or false) state of the given someVariable. So it return true as result.&lt;/li&gt;
&lt;li&gt;Third expression has converted the someVariable into the boolean with its state i.e. false. 4.You can check type of !!someVariable which return boolean.&lt;/li&gt;
&lt;/ol&gt;
&lt;h2 id=&quot;conclusion&quot; style=&quot;position:relative;&quot;&gt;&lt;a href=&quot;#conclusion&quot; aria-label=&quot;conclusion permalink&quot; class=&quot;anchor before&quot;&gt;&lt;svg aria-hidden=&quot;true&quot; focusable=&quot;false&quot; height=&quot;16&quot; version=&quot;1.1&quot; viewBox=&quot;0 0 16 16&quot; width=&quot;16&quot;&gt;&lt;path fill-rule=&quot;evenodd&quot; d=&quot;M4 9h1v1H4c-1.5 0-3-1.69-3-3.5S2.55 3 4 3h4c1.45 0 3 1.69 3 3.5 0 1.41-.91 2.72-2 3.25V8.59c.58-.45 1-1.27 1-2.09C10 5.22 8.98 4 8 4H4c-.98 0-2 1.22-2 2.5S3 9 4 9zm9-3h-1v1h1c1 0 2 1.22 2 2.5S13.98 12 13 12H9c-.98 0-2-1.22-2-2.5 0-.83.42-1.64 1-2.09V6.25c-1.09.53-2 1.84-2 3.25C6 11.31 7.55 13 9 13h4c1.45 0 3-1.69 3-3.5S14.5 6 13 6z&quot;&gt;&lt;/path&gt;&lt;/svg&gt;&lt;/a&gt;Conclusion:&lt;/h2&gt;
&lt;p&gt;The double not(!!) is great way to convert any variable to the boolean. Hope this help you understanding double not in JavaScript Projects.&lt;/p&gt;</content:encoded></item><item><title><![CDATA[Understanding Filter and Reduce in JavaScript]]></title><description><![CDATA[Understanding Filter and Reduce in JavaScript]]></description><link>https://santosrai.site/posts/Understanding Filter and Reduce in JavaScript</link><guid isPermaLink="false">https://santosrai.site/posts/Understanding Filter and Reduce in JavaScript</guid><pubDate>Fri, 21 Feb 2020 02:01:21 GMT</pubDate><content:encoded>&lt;p&gt;We already know that we use different types of data structure to our application. One of them are JavaScript Arrays. Today we are going to learn some basic methods used in Array and why it is used for.&lt;/p&gt;
&lt;h2 id=&quot;filter&quot; style=&quot;position:relative;&quot;&gt;&lt;a href=&quot;#filter&quot; aria-label=&quot;filter permalink&quot; class=&quot;anchor before&quot;&gt;&lt;svg aria-hidden=&quot;true&quot; focusable=&quot;false&quot; height=&quot;16&quot; version=&quot;1.1&quot; viewBox=&quot;0 0 16 16&quot; width=&quot;16&quot;&gt;&lt;path fill-rule=&quot;evenodd&quot; d=&quot;M4 9h1v1H4c-1.5 0-3-1.69-3-3.5S2.55 3 4 3h4c1.45 0 3 1.69 3 3.5 0 1.41-.91 2.72-2 3.25V8.59c.58-.45 1-1.27 1-2.09C10 5.22 8.98 4 8 4H4c-.98 0-2 1.22-2 2.5S3 9 4 9zm9-3h-1v1h1c1 0 2 1.22 2 2.5S13.98 12 13 12H9c-.98 0-2-1.22-2-2.5 0-.83.42-1.64 1-2.09V6.25c-1.09.53-2 1.84-2 3.25C6 11.31 7.55 13 9 13h4c1.45 0 3-1.69 3-3.5S14.5 6 13 6z&quot;&gt;&lt;/path&gt;&lt;/svg&gt;&lt;/a&gt;Filter&lt;/h2&gt;
&lt;p&gt;Scenario:&lt;/p&gt;
&lt;p&gt; We have array and want to filter value from that based on attributes. So, how can we filter array based on attributes?&lt;/p&gt;
&lt;p&gt;Solution:&lt;/p&gt;
&lt;p&gt;Here comes rescue by filter. Lets see a simple example.&lt;/p&gt;
&lt;div class=&quot;gatsby-highlight&quot; data-language=&quot;javascript&quot;&gt;&lt;pre class=&quot;language-javascript&quot;&gt;&lt;code class=&quot;language-javascript&quot;&gt;&lt;span class=&quot;token keyword&quot;&gt;const&lt;/span&gt; numbers &lt;span class=&quot;token operator&quot;&gt;=&lt;/span&gt; &lt;span class=&quot;token punctuation&quot;&gt;[&lt;/span&gt;&lt;span class=&quot;token number&quot;&gt;1&lt;/span&gt;&lt;span class=&quot;token punctuation&quot;&gt;,&lt;/span&gt;&lt;span class=&quot;token number&quot;&gt;2&lt;/span&gt;&lt;span class=&quot;token punctuation&quot;&gt;,&lt;/span&gt;&lt;span class=&quot;token number&quot;&gt;3&lt;/span&gt;&lt;span class=&quot;token punctuation&quot;&gt;,&lt;/span&gt;&lt;span class=&quot;token number&quot;&gt;4&lt;/span&gt;&lt;span class=&quot;token punctuation&quot;&gt;,&lt;/span&gt;&lt;span class=&quot;token number&quot;&gt;5&lt;/span&gt;&lt;span class=&quot;token punctuation&quot;&gt;]&lt;/span&gt;&lt;span class=&quot;token punctuation&quot;&gt;;&lt;/span&gt;

&lt;span class=&quot;token keyword&quot;&gt;const&lt;/span&gt; greaterThanThree &lt;span class=&quot;token operator&quot;&gt;=&lt;/span&gt; numbers&lt;span class=&quot;token punctuation&quot;&gt;.&lt;/span&gt;&lt;span class=&quot;token function&quot;&gt;filter&lt;/span&gt;&lt;span class=&quot;token punctuation&quot;&gt;(&lt;/span&gt;&lt;span class=&quot;token keyword&quot;&gt;function&lt;/span&gt;&lt;span class=&quot;token punctuation&quot;&gt;(&lt;/span&gt;&lt;span class=&quot;token parameter&quot;&gt;number&lt;/span&gt;&lt;span class=&quot;token punctuation&quot;&gt;)&lt;/span&gt; &lt;span class=&quot;token punctuation&quot;&gt;{&lt;/span&gt;
  &lt;span class=&quot;token keyword&quot;&gt;return&lt;/span&gt; number&lt;span class=&quot;token operator&quot;&gt;&gt;&lt;/span&gt;&lt;span class=&quot;token number&quot;&gt;3&lt;/span&gt;&lt;span class=&quot;token punctuation&quot;&gt;;&lt;/span&gt;
&lt;span class=&quot;token punctuation&quot;&gt;}&lt;/span&gt;&lt;span class=&quot;token punctuation&quot;&gt;)&lt;/span&gt;&lt;span class=&quot;token punctuation&quot;&gt;;&lt;/span&gt;
&lt;span class=&quot;token comment&quot;&gt;//expected output:[ 4, 5 ]&lt;/span&gt;&lt;/code&gt;&lt;/pre&gt;&lt;/div&gt;
&lt;p&gt;Definition:&lt;/p&gt;
&lt;blockquote&gt;
&lt;p&gt;filter() method creates a new array with elements from given array which satisfy the given condition.&lt;/p&gt;
&lt;/blockquote&gt;
&lt;p&gt;Syntax:&lt;/p&gt;
&lt;div class=&quot;gatsby-highlight&quot; data-language=&quot;javascript&quot;&gt;&lt;pre class=&quot;language-javascript&quot;&gt;&lt;code class=&quot;language-javascript&quot;&gt;&lt;span class=&quot;token keyword&quot;&gt;const&lt;/span&gt; newArray &lt;span class=&quot;token operator&quot;&gt;=&lt;/span&gt; array&lt;span class=&quot;token punctuation&quot;&gt;.&lt;/span&gt;&lt;span class=&quot;token function&quot;&gt;filter&lt;/span&gt;&lt;span class=&quot;token punctuation&quot;&gt;(&lt;/span&gt;&lt;span class=&quot;token keyword&quot;&gt;function&lt;/span&gt;&lt;span class=&quot;token punctuation&quot;&gt;(&lt;/span&gt;&lt;span class=&quot;token parameter&quot;&gt;item&lt;/span&gt;&lt;span class=&quot;token punctuation&quot;&gt;)&lt;/span&gt; &lt;span class=&quot;token punctuation&quot;&gt;{&lt;/span&gt;
  &lt;span class=&quot;token keyword&quot;&gt;return&lt;/span&gt; condition&lt;span class=&quot;token punctuation&quot;&gt;;&lt;/span&gt;
  &lt;span class=&quot;token punctuation&quot;&gt;}&lt;/span&gt;&lt;span class=&quot;token punctuation&quot;&gt;)&lt;/span&gt;&lt;span class=&quot;token punctuation&quot;&gt;;&lt;/span&gt;&lt;/code&gt;&lt;/pre&gt;&lt;/div&gt;
&lt;h2 id=&quot;reduce&quot; style=&quot;position:relative;&quot;&gt;&lt;a href=&quot;#reduce&quot; aria-label=&quot;reduce permalink&quot; class=&quot;anchor before&quot;&gt;&lt;svg aria-hidden=&quot;true&quot; focusable=&quot;false&quot; height=&quot;16&quot; version=&quot;1.1&quot; viewBox=&quot;0 0 16 16&quot; width=&quot;16&quot;&gt;&lt;path fill-rule=&quot;evenodd&quot; d=&quot;M4 9h1v1H4c-1.5 0-3-1.69-3-3.5S2.55 3 4 3h4c1.45 0 3 1.69 3 3.5 0 1.41-.91 2.72-2 3.25V8.59c.58-.45 1-1.27 1-2.09C10 5.22 8.98 4 8 4H4c-.98 0-2 1.22-2 2.5S3 9 4 9zm9-3h-1v1h1c1 0 2 1.22 2 2.5S13.98 12 13 12H9c-.98 0-2-1.22-2-2.5 0-.83.42-1.64 1-2.09V6.25c-1.09.53-2 1.84-2 3.25C6 11.31 7.55 13 9 13h4c1.45 0 3-1.69 3-3.5S14.5 6 13 6z&quot;&gt;&lt;/path&gt;&lt;/svg&gt;&lt;/a&gt;Reduce&lt;/h2&gt;
&lt;p&gt;Scenario:&lt;/p&gt;
&lt;p&gt;How to add function which will run on every element of array?&lt;/p&gt;
&lt;p&gt;Solution:&lt;/p&gt;
&lt;p&gt;Here comes rescue by reduce(). Lets see a simple example.&lt;/p&gt;
&lt;div class=&quot;gatsby-highlight&quot; data-language=&quot;javascript&quot;&gt;&lt;pre class=&quot;language-javascript&quot;&gt;&lt;code class=&quot;language-javascript&quot;&gt;&lt;span class=&quot;token comment&quot;&gt;// numbers array&lt;/span&gt;
&lt;span class=&quot;token keyword&quot;&gt;const&lt;/span&gt; numbers &lt;span class=&quot;token operator&quot;&gt;=&lt;/span&gt; &lt;span class=&quot;token punctuation&quot;&gt;[&lt;/span&gt;&lt;span class=&quot;token number&quot;&gt;1&lt;/span&gt;&lt;span class=&quot;token punctuation&quot;&gt;,&lt;/span&gt; &lt;span class=&quot;token number&quot;&gt;2&lt;/span&gt;&lt;span class=&quot;token punctuation&quot;&gt;,&lt;/span&gt; &lt;span class=&quot;token number&quot;&gt;3&lt;/span&gt;&lt;span class=&quot;token punctuation&quot;&gt;,&lt;/span&gt; &lt;span class=&quot;token number&quot;&gt;4&lt;/span&gt;&lt;span class=&quot;token punctuation&quot;&gt;]&lt;/span&gt;&lt;span class=&quot;token punctuation&quot;&gt;;&lt;/span&gt;

&lt;span class=&quot;token comment&quot;&gt;//reducer is a function which you want to do operation in every iteration &lt;/span&gt;
&lt;span class=&quot;token comment&quot;&gt;// here accumulator is summing up currentValue &lt;/span&gt;
&lt;span class=&quot;token keyword&quot;&gt;const&lt;/span&gt; &lt;span class=&quot;token function-variable function&quot;&gt;reducer&lt;/span&gt; &lt;span class=&quot;token operator&quot;&gt;=&lt;/span&gt; &lt;span class=&quot;token punctuation&quot;&gt;(&lt;/span&gt;&lt;span class=&quot;token parameter&quot;&gt;accumulator&lt;span class=&quot;token punctuation&quot;&gt;,&lt;/span&gt; currentValue&lt;/span&gt;&lt;span class=&quot;token punctuation&quot;&gt;)&lt;/span&gt; &lt;span class=&quot;token operator&quot;&gt;=&gt;&lt;/span&gt; accumulator &lt;span class=&quot;token operator&quot;&gt;+&lt;/span&gt; currentValue&lt;span class=&quot;token punctuation&quot;&gt;;&lt;/span&gt;

&lt;span class=&quot;token comment&quot;&gt;//--&gt; case1 : currentValue undefined&lt;/span&gt;
&lt;span class=&quot;token comment&quot;&gt;// 1 + 2 + 3 + 4&lt;/span&gt;
console&lt;span class=&quot;token punctuation&quot;&gt;.&lt;/span&gt;&lt;span class=&quot;token function&quot;&gt;log&lt;/span&gt;&lt;span class=&quot;token punctuation&quot;&gt;(&lt;/span&gt;numbers&lt;span class=&quot;token punctuation&quot;&gt;.&lt;/span&gt;&lt;span class=&quot;token function&quot;&gt;reduce&lt;/span&gt;&lt;span class=&quot;token punctuation&quot;&gt;(&lt;/span&gt;reducer&lt;span class=&quot;token punctuation&quot;&gt;)&lt;/span&gt;&lt;span class=&quot;token punctuation&quot;&gt;)&lt;/span&gt;&lt;span class=&quot;token punctuation&quot;&gt;;&lt;/span&gt;
&lt;span class=&quot;token comment&quot;&gt;// expected output: 10&lt;/span&gt;

&lt;span class=&quot;token comment&quot;&gt;//--&gt; case2 : currentValue defined as 5&lt;/span&gt;
&lt;span class=&quot;token comment&quot;&gt;// 5 + 1 + 2 + 3 + 4&lt;/span&gt;
console&lt;span class=&quot;token punctuation&quot;&gt;.&lt;/span&gt;&lt;span class=&quot;token function&quot;&gt;log&lt;/span&gt;&lt;span class=&quot;token punctuation&quot;&gt;(&lt;/span&gt;numbers&lt;span class=&quot;token punctuation&quot;&gt;.&lt;/span&gt;&lt;span class=&quot;token function&quot;&gt;reduce&lt;/span&gt;&lt;span class=&quot;token punctuation&quot;&gt;(&lt;/span&gt;reducer&lt;span class=&quot;token punctuation&quot;&gt;,&lt;/span&gt; &lt;span class=&quot;token number&quot;&gt;5&lt;/span&gt;&lt;span class=&quot;token punctuation&quot;&gt;)&lt;/span&gt;&lt;span class=&quot;token punctuation&quot;&gt;)&lt;/span&gt;&lt;span class=&quot;token punctuation&quot;&gt;;&lt;/span&gt;
&lt;span class=&quot;token comment&quot;&gt;// expected output: 15&lt;/span&gt;&lt;/code&gt;&lt;/pre&gt;&lt;/div&gt;
&lt;p&gt;Definition:&lt;/p&gt;
&lt;p&gt;&lt;code class=&quot;language-text&quot;&gt;reduce() is function which reduce given array to one single value&lt;/code&gt;&lt;/p&gt;
&lt;p&gt;Syntax:&lt;/p&gt;
&lt;div class=&quot;gatsby-highlight&quot; data-language=&quot;javascript&quot;&gt;&lt;pre class=&quot;language-javascript&quot;&gt;&lt;code class=&quot;language-javascript&quot;&gt;arr&lt;span class=&quot;token punctuation&quot;&gt;.&lt;/span&gt;&lt;span class=&quot;token function&quot;&gt;reduce&lt;/span&gt;&lt;span class=&quot;token punctuation&quot;&gt;(&lt;/span&gt;callback&lt;span class=&quot;token punctuation&quot;&gt;,&lt;/span&gt; initialValue&lt;span class=&quot;token punctuation&quot;&gt;)&lt;/span&gt;&lt;span class=&quot;token punctuation&quot;&gt;;&lt;/span&gt;&lt;/code&gt;&lt;/pre&gt;&lt;/div&gt;</content:encoded></item><item><title><![CDATA[How to apply automated unit testing and continuous integration to a simple JavaScript project?]]></title><description><![CDATA[How to apply automated unit testing and continuous integration to a simple JavaScript project.]]></description><link>https://santosrai.site/posts/How to apply automated unit testing and continuous integration to a simple JavaScript project</link><guid isPermaLink="false">https://santosrai.site/posts/How to apply automated unit testing and continuous integration to a simple JavaScript project</guid><pubDate>Wed, 12 Feb 2020 07:16:48 GMT</pubDate><content:encoded>&lt;h3 id=&quot;what-is-automated-testing&quot; style=&quot;position:relative;&quot;&gt;&lt;a href=&quot;#what-is-automated-testing&quot; aria-label=&quot;what is automated testing permalink&quot; class=&quot;anchor before&quot;&gt;&lt;svg aria-hidden=&quot;true&quot; focusable=&quot;false&quot; height=&quot;16&quot; version=&quot;1.1&quot; viewBox=&quot;0 0 16 16&quot; width=&quot;16&quot;&gt;&lt;path fill-rule=&quot;evenodd&quot; d=&quot;M4 9h1v1H4c-1.5 0-3-1.69-3-3.5S2.55 3 4 3h4c1.45 0 3 1.69 3 3.5 0 1.41-.91 2.72-2 3.25V8.59c.58-.45 1-1.27 1-2.09C10 5.22 8.98 4 8 4H4c-.98 0-2 1.22-2 2.5S3 9 4 9zm9-3h-1v1h1c1 0 2 1.22 2 2.5S13.98 12 13 12H9c-.98 0-2-1.22-2-2.5 0-.83.42-1.64 1-2.09V6.25c-1.09.53-2 1.84-2 3.25C6 11.31 7.55 13 9 13h4c1.45 0 3-1.69 3-3.5S14.5 6 13 6z&quot;&gt;&lt;/path&gt;&lt;/svg&gt;&lt;/a&gt;What is automated testing?&lt;/h3&gt;
&lt;p&gt;Automated Testing is that testing where tests are run without human intervention.&lt;/p&gt;
&lt;h3 id=&quot;what-is-continuous-integration&quot; style=&quot;position:relative;&quot;&gt;&lt;a href=&quot;#what-is-continuous-integration&quot; aria-label=&quot;what is continuous integration permalink&quot; class=&quot;anchor before&quot;&gt;&lt;svg aria-hidden=&quot;true&quot; focusable=&quot;false&quot; height=&quot;16&quot; version=&quot;1.1&quot; viewBox=&quot;0 0 16 16&quot; width=&quot;16&quot;&gt;&lt;path fill-rule=&quot;evenodd&quot; d=&quot;M4 9h1v1H4c-1.5 0-3-1.69-3-3.5S2.55 3 4 3h4c1.45 0 3 1.69 3 3.5 0 1.41-.91 2.72-2 3.25V8.59c.58-.45 1-1.27 1-2.09C10 5.22 8.98 4 8 4H4c-.98 0-2 1.22-2 2.5S3 9 4 9zm9-3h-1v1h1c1 0 2 1.22 2 2.5S13.98 12 13 12H9c-.98 0-2-1.22-2-2.5 0-.83.42-1.64 1-2.09V6.25c-1.09.53-2 1.84-2 3.25C6 11.31 7.55 13 9 13h4c1.45 0 3-1.69 3-3.5S14.5 6 13 6z&quot;&gt;&lt;/path&gt;&lt;/svg&gt;&lt;/a&gt;What is Continuous Integration?&lt;/h3&gt;
&lt;p&gt;Continuous Integration is the practice of integration of code change into single codebase countinuously.&lt;/p&gt;
&lt;h2 id=&quot;steps&quot; style=&quot;position:relative;&quot;&gt;&lt;a href=&quot;#steps&quot; aria-label=&quot;steps permalink&quot; class=&quot;anchor before&quot;&gt;&lt;svg aria-hidden=&quot;true&quot; focusable=&quot;false&quot; height=&quot;16&quot; version=&quot;1.1&quot; viewBox=&quot;0 0 16 16&quot; width=&quot;16&quot;&gt;&lt;path fill-rule=&quot;evenodd&quot; d=&quot;M4 9h1v1H4c-1.5 0-3-1.69-3-3.5S2.55 3 4 3h4c1.45 0 3 1.69 3 3.5 0 1.41-.91 2.72-2 3.25V8.59c.58-.45 1-1.27 1-2.09C10 5.22 8.98 4 8 4H4c-.98 0-2 1.22-2 2.5S3 9 4 9zm9-3h-1v1h1c1 0 2 1.22 2 2.5S13.98 12 13 12H9c-.98 0-2-1.22-2-2.5 0-.83.42-1.64 1-2.09V6.25c-1.09.53-2 1.84-2 3.25C6 11.31 7.55 13 9 13h4c1.45 0 3-1.69 3-3.5S14.5 6 13 6z&quot;&gt;&lt;/path&gt;&lt;/svg&gt;&lt;/a&gt;Steps&lt;/h2&gt;
&lt;p&gt;Lets make pipeline for software development&lt;/p&gt;
&lt;h3 id=&quot;concept&quot; style=&quot;position:relative;&quot;&gt;&lt;a href=&quot;#concept&quot; aria-label=&quot;concept permalink&quot; class=&quot;anchor before&quot;&gt;&lt;svg aria-hidden=&quot;true&quot; focusable=&quot;false&quot; height=&quot;16&quot; version=&quot;1.1&quot; viewBox=&quot;0 0 16 16&quot; width=&quot;16&quot;&gt;&lt;path fill-rule=&quot;evenodd&quot; d=&quot;M4 9h1v1H4c-1.5 0-3-1.69-3-3.5S2.55 3 4 3h4c1.45 0 3 1.69 3 3.5 0 1.41-.91 2.72-2 3.25V8.59c.58-.45 1-1.27 1-2.09C10 5.22 8.98 4 8 4H4c-.98 0-2 1.22-2 2.5S3 9 4 9zm9-3h-1v1h1c1 0 2 1.22 2 2.5S13.98 12 13 12H9c-.98 0-2-1.22-2-2.5 0-.83.42-1.64 1-2.09V6.25c-1.09.53-2 1.84-2 3.25C6 11.31 7.55 13 9 13h4c1.45 0 3-1.69 3-3.5S14.5 6 13 6z&quot;&gt;&lt;/path&gt;&lt;/svg&gt;&lt;/a&gt;Concept:&lt;/h3&gt;
&lt;ul&gt;
&lt;li&gt;file changes&lt;/li&gt;
&lt;li&gt;trigger an automated testing&lt;/li&gt;
&lt;li&gt;release to production&lt;/li&gt;
&lt;/ul&gt;
&lt;p&gt;These can be done by the help of continuous integration.&lt;/p&gt;
&lt;h3 id=&quot;preparation&quot; style=&quot;position:relative;&quot;&gt;&lt;a href=&quot;#preparation&quot; aria-label=&quot;preparation permalink&quot; class=&quot;anchor before&quot;&gt;&lt;svg aria-hidden=&quot;true&quot; focusable=&quot;false&quot; height=&quot;16&quot; version=&quot;1.1&quot; viewBox=&quot;0 0 16 16&quot; width=&quot;16&quot;&gt;&lt;path fill-rule=&quot;evenodd&quot; d=&quot;M4 9h1v1H4c-1.5 0-3-1.69-3-3.5S2.55 3 4 3h4c1.45 0 3 1.69 3 3.5 0 1.41-.91 2.72-2 3.25V8.59c.58-.45 1-1.27 1-2.09C10 5.22 8.98 4 8 4H4c-.98 0-2 1.22-2 2.5S3 9 4 9zm9-3h-1v1h1c1 0 2 1.22 2 2.5S13.98 12 13 12H9c-.98 0-2-1.22-2-2.5 0-.83.42-1.64 1-2.09V6.25c-1.09.53-2 1.84-2 3.25C6 11.31 7.55 13 9 13h4c1.45 0 3-1.69 3-3.5S14.5 6 13 6z&quot;&gt;&lt;/path&gt;&lt;/svg&gt;&lt;/a&gt;Preparation:&lt;/h3&gt;
&lt;p&gt;Lets get into Github actions as CI/CD service.&lt;/p&gt;
&lt;p&gt;For CI/CD service, there need to be configured with a YAML file which takes:&lt;/p&gt;
&lt;ul&gt;
&lt;li&gt;name of the pipeline or workflow&lt;/li&gt;
&lt;li&gt;list of jobs&lt;/li&gt;
&lt;li&gt;list of steps for every job&lt;/li&gt;
&lt;/ul&gt;
&lt;p&gt;Github search config file under ./github/workflows
so lets create javascript.yaml file under ./github/workflows&lt;/p&gt;
&lt;div class=&quot;gatsby-highlight&quot; data-language=&quot;yaml&quot;&gt;&lt;pre class=&quot;language-yaml&quot;&gt;&lt;code class=&quot;language-yaml&quot;&gt;    &lt;span class=&quot;token key atrule&quot;&gt;name&lt;/span&gt;&lt;span class=&quot;token punctuation&quot;&gt;:&lt;/span&gt; JavaScript workflow
    &lt;span class=&quot;token key atrule&quot;&gt;on&lt;/span&gt;&lt;span class=&quot;token punctuation&quot;&gt;:&lt;/span&gt; &lt;span class=&quot;token punctuation&quot;&gt;[&lt;/span&gt;push&lt;span class=&quot;token punctuation&quot;&gt;]&lt;/span&gt;
    &lt;span class=&quot;token key atrule&quot;&gt;jobs&lt;/span&gt;&lt;span class=&quot;token punctuation&quot;&gt;:&lt;/span&gt;
      &lt;span class=&quot;token key atrule&quot;&gt;test&lt;/span&gt;&lt;span class=&quot;token punctuation&quot;&gt;:&lt;/span&gt;
        &lt;span class=&quot;token key atrule&quot;&gt;runs-on&lt;/span&gt;&lt;span class=&quot;token punctuation&quot;&gt;:&lt;/span&gt; ubuntu&lt;span class=&quot;token punctuation&quot;&gt;-&lt;/span&gt;latest
        &lt;span class=&quot;token key atrule&quot;&gt;steps&lt;/span&gt;&lt;span class=&quot;token punctuation&quot;&gt;:&lt;/span&gt;
        &lt;span class=&quot;token punctuation&quot;&gt;-&lt;/span&gt; &lt;span class=&quot;token key atrule&quot;&gt;uses&lt;/span&gt;&lt;span class=&quot;token punctuation&quot;&gt;:&lt;/span&gt; actions/checkout@v1
        &lt;span class=&quot;token punctuation&quot;&gt;-&lt;/span&gt; &lt;span class=&quot;token key atrule&quot;&gt;name&lt;/span&gt;&lt;span class=&quot;token punctuation&quot;&gt;:&lt;/span&gt; Use Node.js 12.x
          &lt;span class=&quot;token key atrule&quot;&gt;uses&lt;/span&gt;&lt;span class=&quot;token punctuation&quot;&gt;:&lt;/span&gt; actions/setup&lt;span class=&quot;token punctuation&quot;&gt;-&lt;/span&gt;node@v1
          &lt;span class=&quot;token key atrule&quot;&gt;with&lt;/span&gt;&lt;span class=&quot;token punctuation&quot;&gt;:&lt;/span&gt;
            &lt;span class=&quot;token key atrule&quot;&gt;node-version&lt;/span&gt;&lt;span class=&quot;token punctuation&quot;&gt;:&lt;/span&gt; &lt;span class=&quot;token string&quot;&gt;&quot;12.x&quot;&lt;/span&gt;
        &lt;span class=&quot;token punctuation&quot;&gt;-&lt;/span&gt; &lt;span class=&quot;token key atrule&quot;&gt;name&lt;/span&gt;&lt;span class=&quot;token punctuation&quot;&gt;:&lt;/span&gt; npm install&lt;span class=&quot;token punctuation&quot;&gt;,&lt;/span&gt; and test
          &lt;span class=&quot;token key atrule&quot;&gt;run&lt;/span&gt;&lt;span class=&quot;token punctuation&quot;&gt;:&lt;/span&gt; &lt;span class=&quot;token punctuation&quot;&gt;|&lt;/span&gt;&lt;span class=&quot;token scalar string&quot;&gt;
            npm install
            npm test&lt;/span&gt;
          &lt;span class=&quot;token key atrule&quot;&gt;env&lt;/span&gt;&lt;span class=&quot;token punctuation&quot;&gt;:&lt;/span&gt;
            &lt;span class=&quot;token key atrule&quot;&gt;CI&lt;/span&gt;&lt;span class=&quot;token punctuation&quot;&gt;:&lt;/span&gt; &lt;span class=&quot;token boolean important&quot;&gt;true&lt;/span&gt;&lt;/code&gt;&lt;/pre&gt;&lt;/div&gt;
&lt;h3 id=&quot;action&quot; style=&quot;position:relative;&quot;&gt;&lt;a href=&quot;#action&quot; aria-label=&quot;action permalink&quot; class=&quot;anchor before&quot;&gt;&lt;svg aria-hidden=&quot;true&quot; focusable=&quot;false&quot; height=&quot;16&quot; version=&quot;1.1&quot; viewBox=&quot;0 0 16 16&quot; width=&quot;16&quot;&gt;&lt;path fill-rule=&quot;evenodd&quot; d=&quot;M4 9h1v1H4c-1.5 0-3-1.69-3-3.5S2.55 3 4 3h4c1.45 0 3 1.69 3 3.5 0 1.41-.91 2.72-2 3.25V8.59c.58-.45 1-1.27 1-2.09C10 5.22 8.98 4 8 4H4c-.98 0-2 1.22-2 2.5S3 9 4 9zm9-3h-1v1h1c1 0 2 1.22 2 2.5S13.98 12 13 12H9c-.98 0-2-1.22-2-2.5 0-.83.42-1.64 1-2.09V6.25c-1.09.53-2 1.84-2 3.25C6 11.31 7.55 13 9 13h4c1.45 0 3-1.69 3-3.5S14.5 6 13 6z&quot;&gt;&lt;/path&gt;&lt;/svg&gt;&lt;/a&gt;Action:&lt;/h3&gt;
&lt;p&gt;Now commit the code and push to github.&lt;/p&gt;
&lt;h3 id=&quot;observation&quot; style=&quot;position:relative;&quot;&gt;&lt;a href=&quot;#observation&quot; aria-label=&quot;observation permalink&quot; class=&quot;anchor before&quot;&gt;&lt;svg aria-hidden=&quot;true&quot; focusable=&quot;false&quot; height=&quot;16&quot; version=&quot;1.1&quot; viewBox=&quot;0 0 16 16&quot; width=&quot;16&quot;&gt;&lt;path fill-rule=&quot;evenodd&quot; d=&quot;M4 9h1v1H4c-1.5 0-3-1.69-3-3.5S2.55 3 4 3h4c1.45 0 3 1.69 3 3.5 0 1.41-.91 2.72-2 3.25V8.59c.58-.45 1-1.27 1-2.09C10 5.22 8.98 4 8 4H4c-.98 0-2 1.22-2 2.5S3 9 4 9zm9-3h-1v1h1c1 0 2 1.22 2 2.5S13.98 12 13 12H9c-.98 0-2-1.22-2-2.5 0-.83.42-1.64 1-2.09V6.25c-1.09.53-2 1.84-2 3.25C6 11.31 7.55 13 9 13h4c1.45 0 3-1.69 3-3.5S14.5 6 13 6z&quot;&gt;&lt;/path&gt;&lt;/svg&gt;&lt;/a&gt;Observation:&lt;/h3&gt;
&lt;p&gt;You will see running job on github Actions Tab.
I committed two times, one for wrong script and another for correct script.&lt;/p&gt;</content:encoded></item><item><title><![CDATA[Simple calculator in javascript using MVC pattern]]></title><description><![CDATA[Simple calculator in javascript using MVC pattern]]></description><link>https://santosrai.site/posts/simple calculator in javascript using MVC pattern</link><guid isPermaLink="false">https://santosrai.site/posts/simple calculator in javascript using MVC pattern</guid><pubDate>Thu, 26 Dec 2019 01:31:00 GMT</pubDate><content:encoded>&lt;h1 id=&quot;what-i-want-to-do&quot; style=&quot;position:relative;&quot;&gt;&lt;a href=&quot;#what-i-want-to-do&quot; aria-label=&quot;what i want to do permalink&quot; class=&quot;anchor before&quot;&gt;&lt;svg aria-hidden=&quot;true&quot; focusable=&quot;false&quot; height=&quot;16&quot; version=&quot;1.1&quot; viewBox=&quot;0 0 16 16&quot; width=&quot;16&quot;&gt;&lt;path fill-rule=&quot;evenodd&quot; d=&quot;M4 9h1v1H4c-1.5 0-3-1.69-3-3.5S2.55 3 4 3h4c1.45 0 3 1.69 3 3.5 0 1.41-.91 2.72-2 3.25V8.59c.58-.45 1-1.27 1-2.09C10 5.22 8.98 4 8 4H4c-.98 0-2 1.22-2 2.5S3 9 4 9zm9-3h-1v1h1c1 0 2 1.22 2 2.5S13.98 12 13 12H9c-.98 0-2-1.22-2-2.5 0-.83.42-1.64 1-2.09V6.25c-1.09.53-2 1.84-2 3.25C6 11.31 7.55 13 9 13h4c1.45 0 3-1.69 3-3.5S14.5 6 13 6z&quot;&gt;&lt;/path&gt;&lt;/svg&gt;&lt;/a&gt;What I want to do?&lt;/h1&gt;
&lt;p&gt;I want to write simple calculator app with plain JavaScript using Model-View-Controller design pattern.&lt;/p&gt;
&lt;p&gt;Check out &lt;a href=&quot;https://gitsanto.github.io/SimpleCalculator_UsingMVCDesignPattern/&quot; target=&quot;_blank&quot; rel=&quot;nofollow noopener noreferrer&quot;&gt;Demo&lt;/a&gt;&lt;/p&gt;
&lt;h1 id=&quot;process&quot; style=&quot;position:relative;&quot;&gt;&lt;a href=&quot;#process&quot; aria-label=&quot;process permalink&quot; class=&quot;anchor before&quot;&gt;&lt;svg aria-hidden=&quot;true&quot; focusable=&quot;false&quot; height=&quot;16&quot; version=&quot;1.1&quot; viewBox=&quot;0 0 16 16&quot; width=&quot;16&quot;&gt;&lt;path fill-rule=&quot;evenodd&quot; d=&quot;M4 9h1v1H4c-1.5 0-3-1.69-3-3.5S2.55 3 4 3h4c1.45 0 3 1.69 3 3.5 0 1.41-.91 2.72-2 3.25V8.59c.58-.45 1-1.27 1-2.09C10 5.22 8.98 4 8 4H4c-.98 0-2 1.22-2 2.5S3 9 4 9zm9-3h-1v1h1c1 0 2 1.22 2 2.5S13.98 12 13 12H9c-.98 0-2-1.22-2-2.5 0-.83.42-1.64 1-2.09V6.25c-1.09.53-2 1.84-2 3.25C6 11.31 7.55 13 9 13h4c1.45 0 3-1.69 3-3.5S14.5 6 13 6z&quot;&gt;&lt;/path&gt;&lt;/svg&gt;&lt;/a&gt;Process&lt;/h1&gt;
&lt;p&gt;Creating 3 files only&lt;/p&gt;
&lt;ul&gt;
&lt;li&gt;index.html : It consists of a single root element only in the body tag.&lt;/li&gt;
&lt;li&gt;style.css : It has styling for calculator.&lt;/li&gt;
&lt;li&gt;script.js : It consists of model, view and controller classes.&lt;/li&gt;
&lt;/ul&gt;
&lt;h2 id=&quot;what-the-heck-is-design-pattern&quot; style=&quot;position:relative;&quot;&gt;&lt;a href=&quot;#what-the-heck-is-design-pattern&quot; aria-label=&quot;what the heck is design pattern permalink&quot; class=&quot;anchor before&quot;&gt;&lt;svg aria-hidden=&quot;true&quot; focusable=&quot;false&quot; height=&quot;16&quot; version=&quot;1.1&quot; viewBox=&quot;0 0 16 16&quot; width=&quot;16&quot;&gt;&lt;path fill-rule=&quot;evenodd&quot; d=&quot;M4 9h1v1H4c-1.5 0-3-1.69-3-3.5S2.55 3 4 3h4c1.45 0 3 1.69 3 3.5 0 1.41-.91 2.72-2 3.25V8.59c.58-.45 1-1.27 1-2.09C10 5.22 8.98 4 8 4H4c-.98 0-2 1.22-2 2.5S3 9 4 9zm9-3h-1v1h1c1 0 2 1.22 2 2.5S13.98 12 13 12H9c-.98 0-2-1.22-2-2.5 0-.83.42-1.64 1-2.09V6.25c-1.09.53-2 1.84-2 3.25C6 11.31 7.55 13 9 13h4c1.45 0 3-1.69 3-3.5S14.5 6 13 6z&quot;&gt;&lt;/path&gt;&lt;/svg&gt;&lt;/a&gt;What the heck is design pattern?&lt;/h2&gt;
&lt;p&gt;In programming world, programmers talk about things like singletons, mvc instead of basic terms like int, arrays. &lt;/p&gt;
&lt;p&gt;I not big fan of this but you will see many different design pattern used in software applications.&lt;/p&gt;
&lt;p&gt;In definition &lt;a href=&quot;https://en.wikipedia.org/wiki/Design_pattern&quot; target=&quot;_blank&quot; rel=&quot;nofollow noopener noreferrer&quot;&gt;Design pattern   Wikipedia&lt;/a&gt;&lt;/p&gt;
&lt;p&gt;A design pattern is the re-usable form of a solution to a design problem.&lt;/p&gt;
&lt;h2 id=&quot;what-is-mvc&quot; style=&quot;position:relative;&quot;&gt;&lt;a href=&quot;#what-is-mvc&quot; aria-label=&quot;what is mvc permalink&quot; class=&quot;anchor before&quot;&gt;&lt;svg aria-hidden=&quot;true&quot; focusable=&quot;false&quot; height=&quot;16&quot; version=&quot;1.1&quot; viewBox=&quot;0 0 16 16&quot; width=&quot;16&quot;&gt;&lt;path fill-rule=&quot;evenodd&quot; d=&quot;M4 9h1v1H4c-1.5 0-3-1.69-3-3.5S2.55 3 4 3h4c1.45 0 3 1.69 3 3.5 0 1.41-.91 2.72-2 3.25V8.59c.58-.45 1-1.27 1-2.09C10 5.22 8.98 4 8 4H4c-.98 0-2 1.22-2 2.5S3 9 4 9zm9-3h-1v1h1c1 0 2 1.22 2 2.5S13.98 12 13 12H9c-.98 0-2-1.22-2-2.5 0-.83.42-1.64 1-2.09V6.25c-1.09.53-2 1.84-2 3.25C6 11.31 7.55 13 9 13h4c1.45 0 3-1.69 3-3.5S14.5 6 13 6z&quot;&gt;&lt;/path&gt;&lt;/svg&gt;&lt;/a&gt;What is MVC?&lt;/h2&gt;
&lt;p&gt;MVC(Model View Controller) is one of the popular design pattern.&lt;/p&gt;
&lt;ul&gt;
&lt;li&gt;model :  application’s data objects are stored&lt;/li&gt;
&lt;li&gt;view : User Interface&lt;/li&gt;
&lt;li&gt;controller: decision maker which is linked between model and view, such as clicking&lt;/li&gt;
&lt;/ul&gt;
&lt;h1 id=&quot;conclusion&quot; style=&quot;position:relative;&quot;&gt;&lt;a href=&quot;#conclusion&quot; aria-label=&quot;conclusion permalink&quot; class=&quot;anchor before&quot;&gt;&lt;svg aria-hidden=&quot;true&quot; focusable=&quot;false&quot; height=&quot;16&quot; version=&quot;1.1&quot; viewBox=&quot;0 0 16 16&quot; width=&quot;16&quot;&gt;&lt;path fill-rule=&quot;evenodd&quot; d=&quot;M4 9h1v1H4c-1.5 0-3-1.69-3-3.5S2.55 3 4 3h4c1.45 0 3 1.69 3 3.5 0 1.41-.91 2.72-2 3.25V8.59c.58-.45 1-1.27 1-2.09C10 5.22 8.98 4 8 4H4c-.98 0-2 1.22-2 2.5S3 9 4 9zm9-3h-1v1h1c1 0 2 1.22 2 2.5S13.98 12 13 12H9c-.98 0-2-1.22-2-2.5 0-.83.42-1.64 1-2.09V6.25c-1.09.53-2 1.84-2 3.25C6 11.31 7.55 13 9 13h4c1.45 0 3-1.69 3-3.5S14.5 6 13 6z&quot;&gt;&lt;/path&gt;&lt;/svg&gt;&lt;/a&gt;Conclusion&lt;/h1&gt;
&lt;p&gt;Hope it helps you to understand MVC. Happy Coding&lt;/p&gt;</content:encoded></item><item><title><![CDATA[Thunderbird addon]]></title><description><![CDATA[Learning note on Thunderbird addon]]></description><link>https://santosrai.site//posts/ThunderbirdAddon/</link><guid isPermaLink="false">https://santosrai.site//posts/ThunderbirdAddon/</guid><pubDate>Mon, 25 Nov 2019 22:14:12 GMT</pubDate><content:encoded>&lt;p&gt;&lt;strong&gt;Introduction&lt;/strong&gt; &lt;/p&gt;
&lt;p&gt;Steps for staring thunderbird addon project
1.Preparing the Development environment
2.Add-on Template
3.Adding UI
4.Adding JS&lt;/p&gt;
&lt;p&gt;1.Preparing the Development Environment&lt;/p&gt;
&lt;ul&gt;
&lt;li&gt;Open RUN&lt;/li&gt;
&lt;li&gt;Type thunderbird -ProfileManager&lt;/li&gt;
&lt;li&gt;It will open ProfileManager of Thunderbird&lt;/li&gt;
&lt;li&gt;
&lt;p&gt;Create new Profile “Development” or any name you like&lt;/p&gt;
&lt;p&gt;2.Add-on Template
Create Example add-on ID
Example : my-addon@my.example.com&lt;/p&gt;
&lt;/li&gt;
&lt;/ul&gt;
&lt;p&gt;There will be extension folder inside your newly created profile.Go to your extension folder and create folder name “my-addon@my.example.com” inside the extension folder.&lt;/p&gt;
&lt;div class=&quot;gatsby-highlight&quot; data-language=&quot;cmd&quot;&gt;&lt;pre class=&quot;language-cmd&quot;&gt;&lt;code class=&quot;language-cmd&quot;&gt;{Profile_Dir}
|--extensions
  |--my-addon@my.example.com&lt;/code&gt;&lt;/pre&gt;&lt;/div&gt;
&lt;p&gt;install.rdf
It is XML file which contains infromation about the extension.&lt;/p&gt;
&lt;div class=&quot;gatsby-highlight&quot; data-language=&quot;xml&quot;&gt;&lt;pre class=&quot;language-xml&quot;&gt;&lt;code class=&quot;language-xml&quot;&gt;&lt;span class=&quot;token prolog&quot;&gt;&amp;lt;?xml version=&quot;1.0&quot;?&gt;&lt;/span&gt;
&lt;span class=&quot;token tag&quot;&gt;&lt;span class=&quot;token tag&quot;&gt;&lt;span class=&quot;token punctuation&quot;&gt;&amp;lt;&lt;/span&gt;RDF&lt;/span&gt; &lt;span class=&quot;token attr-name&quot;&gt;xmlns&lt;/span&gt;&lt;span class=&quot;token attr-value&quot;&gt;&lt;span class=&quot;token punctuation&quot;&gt;=&lt;/span&gt;&lt;span class=&quot;token punctuation&quot;&gt;&quot;&lt;/span&gt;http://www.w3.org/1999/02/22-rdf-syntax-ns#&lt;span class=&quot;token punctuation&quot;&gt;&quot;&lt;/span&gt;&lt;/span&gt;
     &lt;span class=&quot;token attr-name&quot;&gt;&lt;span class=&quot;token namespace&quot;&gt;xmlns:&lt;/span&gt;em&lt;/span&gt;&lt;span class=&quot;token attr-value&quot;&gt;&lt;span class=&quot;token punctuation&quot;&gt;=&lt;/span&gt;&lt;span class=&quot;token punctuation&quot;&gt;&quot;&lt;/span&gt;http://www.mozilla.org/2004/em-rdf#&lt;span class=&quot;token punctuation&quot;&gt;&quot;&lt;/span&gt;&lt;/span&gt;&lt;span class=&quot;token punctuation&quot;&gt;&gt;&lt;/span&gt;&lt;/span&gt;

  &lt;span class=&quot;token tag&quot;&gt;&lt;span class=&quot;token tag&quot;&gt;&lt;span class=&quot;token punctuation&quot;&gt;&amp;lt;&lt;/span&gt;Description&lt;/span&gt; &lt;span class=&quot;token attr-name&quot;&gt;about&lt;/span&gt;&lt;span class=&quot;token attr-value&quot;&gt;&lt;span class=&quot;token punctuation&quot;&gt;=&lt;/span&gt;&lt;span class=&quot;token punctuation&quot;&gt;&quot;&lt;/span&gt;urn:mozilla:install-manifest&lt;span class=&quot;token punctuation&quot;&gt;&quot;&lt;/span&gt;&lt;/span&gt;&lt;span class=&quot;token punctuation&quot;&gt;&gt;&lt;/span&gt;&lt;/span&gt;
    &lt;span class=&quot;token tag&quot;&gt;&lt;span class=&quot;token tag&quot;&gt;&lt;span class=&quot;token punctuation&quot;&gt;&amp;lt;&lt;/span&gt;&lt;span class=&quot;token namespace&quot;&gt;em:&lt;/span&gt;id&lt;/span&gt;&lt;span class=&quot;token punctuation&quot;&gt;&gt;&lt;/span&gt;&lt;/span&gt;my-addon@my.example.com&lt;span class=&quot;token tag&quot;&gt;&lt;span class=&quot;token tag&quot;&gt;&lt;span class=&quot;token punctuation&quot;&gt;&amp;lt;/&lt;/span&gt;&lt;span class=&quot;token namespace&quot;&gt;em:&lt;/span&gt;id&lt;/span&gt;&lt;span class=&quot;token punctuation&quot;&gt;&gt;&lt;/span&gt;&lt;/span&gt;
    &lt;span class=&quot;token tag&quot;&gt;&lt;span class=&quot;token tag&quot;&gt;&lt;span class=&quot;token punctuation&quot;&gt;&amp;lt;&lt;/span&gt;&lt;span class=&quot;token namespace&quot;&gt;em:&lt;/span&gt;version&lt;/span&gt;&lt;span class=&quot;token punctuation&quot;&gt;&gt;&lt;/span&gt;&lt;/span&gt;0.1&lt;span class=&quot;token tag&quot;&gt;&lt;span class=&quot;token tag&quot;&gt;&lt;span class=&quot;token punctuation&quot;&gt;&amp;lt;/&lt;/span&gt;&lt;span class=&quot;token namespace&quot;&gt;em:&lt;/span&gt;version&lt;/span&gt;&lt;span class=&quot;token punctuation&quot;&gt;&gt;&lt;/span&gt;&lt;/span&gt;
    &lt;span class=&quot;token tag&quot;&gt;&lt;span class=&quot;token tag&quot;&gt;&lt;span class=&quot;token punctuation&quot;&gt;&amp;lt;&lt;/span&gt;&lt;span class=&quot;token namespace&quot;&gt;em:&lt;/span&gt;type&lt;/span&gt;&lt;span class=&quot;token punctuation&quot;&gt;&gt;&lt;/span&gt;&lt;/span&gt;2&lt;span class=&quot;token tag&quot;&gt;&lt;span class=&quot;token tag&quot;&gt;&lt;span class=&quot;token punctuation&quot;&gt;&amp;lt;/&lt;/span&gt;&lt;span class=&quot;token namespace&quot;&gt;em:&lt;/span&gt;type&lt;/span&gt;&lt;span class=&quot;token punctuation&quot;&gt;&gt;&lt;/span&gt;&lt;/span&gt;

    &lt;span class=&quot;token comment&quot;&gt;&amp;lt;!-- Thunderbird --&gt;&lt;/span&gt;
    &lt;span class=&quot;token tag&quot;&gt;&lt;span class=&quot;token tag&quot;&gt;&lt;span class=&quot;token punctuation&quot;&gt;&amp;lt;&lt;/span&gt;&lt;span class=&quot;token namespace&quot;&gt;em:&lt;/span&gt;targetApplication&lt;/span&gt;&lt;span class=&quot;token punctuation&quot;&gt;&gt;&lt;/span&gt;&lt;/span&gt;
        &lt;span class=&quot;token tag&quot;&gt;&lt;span class=&quot;token tag&quot;&gt;&lt;span class=&quot;token punctuation&quot;&gt;&amp;lt;&lt;/span&gt;Description&lt;/span&gt;&lt;span class=&quot;token punctuation&quot;&gt;&gt;&lt;/span&gt;&lt;/span&gt;
            &lt;span class=&quot;token tag&quot;&gt;&lt;span class=&quot;token tag&quot;&gt;&lt;span class=&quot;token punctuation&quot;&gt;&amp;lt;&lt;/span&gt;&lt;span class=&quot;token namespace&quot;&gt;em:&lt;/span&gt;id&lt;/span&gt;&lt;span class=&quot;token punctuation&quot;&gt;&gt;&lt;/span&gt;&lt;/span&gt;{3550f703-e582-4d05-9a08-453d09bdfdc6}&lt;span class=&quot;token tag&quot;&gt;&lt;span class=&quot;token tag&quot;&gt;&lt;span class=&quot;token punctuation&quot;&gt;&amp;lt;/&lt;/span&gt;&lt;span class=&quot;token namespace&quot;&gt;em:&lt;/span&gt;id&lt;/span&gt;&lt;span class=&quot;token punctuation&quot;&gt;&gt;&lt;/span&gt;&lt;/span&gt;
            &lt;span class=&quot;token tag&quot;&gt;&lt;span class=&quot;token tag&quot;&gt;&lt;span class=&quot;token punctuation&quot;&gt;&amp;lt;&lt;/span&gt;&lt;span class=&quot;token namespace&quot;&gt;em:&lt;/span&gt;minVersion&lt;/span&gt;&lt;span class=&quot;token punctuation&quot;&gt;&gt;&lt;/span&gt;&lt;/span&gt;1.5&lt;span class=&quot;token tag&quot;&gt;&lt;span class=&quot;token tag&quot;&gt;&lt;span class=&quot;token punctuation&quot;&gt;&amp;lt;/&lt;/span&gt;&lt;span class=&quot;token namespace&quot;&gt;em:&lt;/span&gt;minVersion&lt;/span&gt;&lt;span class=&quot;token punctuation&quot;&gt;&gt;&lt;/span&gt;&lt;/span&gt;
            &lt;span class=&quot;token tag&quot;&gt;&lt;span class=&quot;token tag&quot;&gt;&lt;span class=&quot;token punctuation&quot;&gt;&amp;lt;&lt;/span&gt;&lt;span class=&quot;token namespace&quot;&gt;em:&lt;/span&gt;maxVersion&lt;/span&gt;&lt;span class=&quot;token punctuation&quot;&gt;&gt;&lt;/span&gt;&lt;/span&gt;60.*&lt;span class=&quot;token tag&quot;&gt;&lt;span class=&quot;token tag&quot;&gt;&lt;span class=&quot;token punctuation&quot;&gt;&amp;lt;/&lt;/span&gt;&lt;span class=&quot;token namespace&quot;&gt;em:&lt;/span&gt;maxVersion&lt;/span&gt;&lt;span class=&quot;token punctuation&quot;&gt;&gt;&lt;/span&gt;&lt;/span&gt;
        &lt;span class=&quot;token tag&quot;&gt;&lt;span class=&quot;token tag&quot;&gt;&lt;span class=&quot;token punctuation&quot;&gt;&amp;lt;/&lt;/span&gt;Description&lt;/span&gt;&lt;span class=&quot;token punctuation&quot;&gt;&gt;&lt;/span&gt;&lt;/span&gt;
    &lt;span class=&quot;token tag&quot;&gt;&lt;span class=&quot;token tag&quot;&gt;&lt;span class=&quot;token punctuation&quot;&gt;&amp;lt;/&lt;/span&gt;&lt;span class=&quot;token namespace&quot;&gt;em:&lt;/span&gt;targetApplication&lt;/span&gt;&lt;span class=&quot;token punctuation&quot;&gt;&gt;&lt;/span&gt;&lt;/span&gt;
    &lt;span class=&quot;token comment&quot;&gt;&amp;lt;!-- Front End MetaData --&gt;&lt;/span&gt;
    &lt;span class=&quot;token tag&quot;&gt;&lt;span class=&quot;token tag&quot;&gt;&lt;span class=&quot;token punctuation&quot;&gt;&amp;lt;&lt;/span&gt;&lt;span class=&quot;token namespace&quot;&gt;em:&lt;/span&gt;name&lt;/span&gt;&lt;span class=&quot;token punctuation&quot;&gt;&gt;&lt;/span&gt;&lt;/span&gt;Test Addon&lt;span class=&quot;token tag&quot;&gt;&lt;span class=&quot;token tag&quot;&gt;&lt;span class=&quot;token punctuation&quot;&gt;&amp;lt;/&lt;/span&gt;&lt;span class=&quot;token namespace&quot;&gt;em:&lt;/span&gt;name&lt;/span&gt;&lt;span class=&quot;token punctuation&quot;&gt;&gt;&lt;/span&gt;&lt;/span&gt;
    &lt;span class=&quot;token tag&quot;&gt;&lt;span class=&quot;token tag&quot;&gt;&lt;span class=&quot;token punctuation&quot;&gt;&amp;lt;&lt;/span&gt;&lt;span class=&quot;token namespace&quot;&gt;em:&lt;/span&gt;description&lt;/span&gt;&lt;span class=&quot;token punctuation&quot;&gt;&gt;&lt;/span&gt;&lt;/span&gt;Test Addon for Thunderbird&lt;span class=&quot;token tag&quot;&gt;&lt;span class=&quot;token tag&quot;&gt;&lt;span class=&quot;token punctuation&quot;&gt;&amp;lt;/&lt;/span&gt;&lt;span class=&quot;token namespace&quot;&gt;em:&lt;/span&gt;description&lt;/span&gt;&lt;span class=&quot;token punctuation&quot;&gt;&gt;&lt;/span&gt;&lt;/span&gt;
    &lt;span class=&quot;token tag&quot;&gt;&lt;span class=&quot;token tag&quot;&gt;&lt;span class=&quot;token punctuation&quot;&gt;&amp;lt;&lt;/span&gt;&lt;span class=&quot;token namespace&quot;&gt;em:&lt;/span&gt;creator&lt;/span&gt;&lt;span class=&quot;token punctuation&quot;&gt;&gt;&lt;/span&gt;&lt;/span&gt;Developer Me&lt;span class=&quot;token tag&quot;&gt;&lt;span class=&quot;token tag&quot;&gt;&lt;span class=&quot;token punctuation&quot;&gt;&amp;lt;/&lt;/span&gt;&lt;span class=&quot;token namespace&quot;&gt;em:&lt;/span&gt;creator&lt;/span&gt;&lt;span class=&quot;token punctuation&quot;&gt;&gt;&lt;/span&gt;&lt;/span&gt;
    &lt;span class=&quot;token tag&quot;&gt;&lt;span class=&quot;token tag&quot;&gt;&lt;span class=&quot;token punctuation&quot;&gt;&amp;lt;&lt;/span&gt;&lt;span class=&quot;token namespace&quot;&gt;em:&lt;/span&gt;homepageURL&lt;/span&gt;&lt;span class=&quot;token punctuation&quot;&gt;&gt;&lt;/span&gt;&lt;/span&gt;https://developer.mozilla.org/&lt;span class=&quot;token tag&quot;&gt;&lt;span class=&quot;token tag&quot;&gt;&lt;span class=&quot;token punctuation&quot;&gt;&amp;lt;/&lt;/span&gt;&lt;span class=&quot;token namespace&quot;&gt;em:&lt;/span&gt;homepageURL&lt;/span&gt;&lt;span class=&quot;token punctuation&quot;&gt;&gt;&lt;/span&gt;&lt;/span&gt;
  &lt;span class=&quot;token tag&quot;&gt;&lt;span class=&quot;token tag&quot;&gt;&lt;span class=&quot;token punctuation&quot;&gt;&amp;lt;/&lt;/span&gt;Description&lt;/span&gt;&lt;span class=&quot;token punctuation&quot;&gt;&gt;&lt;/span&gt;&lt;/span&gt;
&lt;span class=&quot;token tag&quot;&gt;&lt;span class=&quot;token tag&quot;&gt;&lt;span class=&quot;token punctuation&quot;&gt;&amp;lt;/&lt;/span&gt;RDF&lt;/span&gt;&lt;span class=&quot;token punctuation&quot;&gt;&gt;&lt;/span&gt;&lt;/span&gt;

&lt;span class=&quot;token comment&quot;&gt;&amp;lt;!-- Descriptions --&gt;&lt;/span&gt;
em:id          =&gt;add-on id
em:version     =&gt;add-on version number
em:name        =&gt;add-on name
em:description =&gt;addon description
em:creator     =&gt;addon developer
em:homepageURL =&gt;addon developer site&lt;/code&gt;&lt;/pre&gt;&lt;/div&gt;
&lt;p&gt;3.Adding UI
Chrome File: chrome.manifest
UI File : my.xul&lt;/p&gt;
&lt;p&gt;Folder Structure&lt;/p&gt;
&lt;div class=&quot;gatsby-highlight&quot; data-language=&quot;cmd&quot;&gt;&lt;pre class=&quot;language-cmd&quot;&gt;&lt;code class=&quot;language-cmd&quot;&gt;{my-addon@my.example.com}
    - index.rdf
    - chrome.manifest
    - chrome
       - content
          - my.xul&lt;/code&gt;&lt;/pre&gt;&lt;/div&gt;
&lt;p&gt;1.chrome.manifest file
It tells Thunderbird what packages and overlays are provided by the extension&lt;/p&gt;
&lt;div class=&quot;gatsby-highlight&quot; data-language=&quot;manifest&quot;&gt;&lt;pre class=&quot;language-manifest&quot;&gt;&lt;code class=&quot;language-manifest&quot;&gt;content my-addon chrome/content/
overlay chrome://messenger/content/messenger.xul chrome://my-addon/content/my.xul&lt;/code&gt;&lt;/pre&gt;&lt;/div&gt;
&lt;ul&gt;
&lt;li&gt;content: specifies the type of material in the package&lt;/li&gt;
&lt;li&gt;my-addon: is the name chrome package (specified in the first segment of &amp;#x3C;em:id&gt; in the install.rdf file)&lt;/li&gt;
&lt;li&gt;chrome/content : location of the package’s files&lt;/li&gt;
&lt;li&gt;
&lt;p&gt;Second line overaly: Tell Thunderbird to merge my.xul into messenger.xul&lt;/p&gt;
&lt;p&gt;2.my.xul file
It is resposible for user interface of your addon.&lt;/p&gt;
&lt;/li&gt;
&lt;/ul&gt;
&lt;div class=&quot;gatsby-highlight&quot; data-language=&quot;xml&quot;&gt;&lt;pre class=&quot;language-xml&quot;&gt;&lt;code class=&quot;language-xml&quot;&gt;&lt;span class=&quot;token tag&quot;&gt;&lt;span class=&quot;token tag&quot;&gt;&lt;span class=&quot;token punctuation&quot;&gt;&amp;lt;&lt;/span&gt;overlay&lt;/span&gt; &lt;span class=&quot;token attr-name&quot;&gt;id&lt;/span&gt;&lt;span class=&quot;token attr-value&quot;&gt;&lt;span class=&quot;token punctuation&quot;&gt;=&lt;/span&gt;&lt;span class=&quot;token punctuation&quot;&gt;&quot;&lt;/span&gt;sample&lt;span class=&quot;token punctuation&quot;&gt;&quot;&lt;/span&gt;&lt;/span&gt;
        &lt;span class=&quot;token attr-name&quot;&gt;xmlns&lt;/span&gt;&lt;span class=&quot;token attr-value&quot;&gt;&lt;span class=&quot;token punctuation&quot;&gt;=&lt;/span&gt;&lt;span class=&quot;token punctuation&quot;&gt;&quot;&lt;/span&gt;http://www.mozilla.org/keymaster/gatekeeper/there.is.only.xul&lt;span class=&quot;token punctuation&quot;&gt;&quot;&lt;/span&gt;&lt;/span&gt;&lt;span class=&quot;token punctuation&quot;&gt;&gt;&lt;/span&gt;&lt;/span&gt;
    &lt;span class=&quot;token tag&quot;&gt;&lt;span class=&quot;token tag&quot;&gt;&lt;span class=&quot;token punctuation&quot;&gt;&amp;lt;&lt;/span&gt;statusbar&lt;/span&gt; &lt;span class=&quot;token attr-name&quot;&gt;id&lt;/span&gt;&lt;span class=&quot;token attr-value&quot;&gt;&lt;span class=&quot;token punctuation&quot;&gt;=&lt;/span&gt;&lt;span class=&quot;token punctuation&quot;&gt;&quot;&lt;/span&gt;status-bar&lt;span class=&quot;token punctuation&quot;&gt;&quot;&lt;/span&gt;&lt;/span&gt;&lt;span class=&quot;token punctuation&quot;&gt;&gt;&lt;/span&gt;&lt;/span&gt;
        &lt;span class=&quot;token tag&quot;&gt;&lt;span class=&quot;token tag&quot;&gt;&lt;span class=&quot;token punctuation&quot;&gt;&amp;lt;&lt;/span&gt;button&lt;/span&gt; &lt;span class=&quot;token attr-name&quot;&gt;label&lt;/span&gt;&lt;span class=&quot;token attr-value&quot;&gt;&lt;span class=&quot;token punctuation&quot;&gt;=&lt;/span&gt;&lt;span class=&quot;token punctuation&quot;&gt;&quot;&lt;/span&gt;Click Me&lt;span class=&quot;token punctuation&quot;&gt;&quot;&lt;/span&gt;&lt;/span&gt; &lt;span class=&quot;token punctuation&quot;&gt;/&gt;&lt;/span&gt;&lt;/span&gt;
    &lt;span class=&quot;token tag&quot;&gt;&lt;span class=&quot;token tag&quot;&gt;&lt;span class=&quot;token punctuation&quot;&gt;&amp;lt;/&lt;/span&gt;statusbar&lt;/span&gt;&lt;span class=&quot;token punctuation&quot;&gt;&gt;&lt;/span&gt;&lt;/span&gt;
&lt;span class=&quot;token tag&quot;&gt;&lt;span class=&quot;token tag&quot;&gt;&lt;span class=&quot;token punctuation&quot;&gt;&amp;lt;/&lt;/span&gt;overlay&lt;/span&gt;&lt;span class=&quot;token punctuation&quot;&gt;&gt;&lt;/span&gt;&lt;/span&gt;&lt;/code&gt;&lt;/pre&gt;&lt;/div&gt;
&lt;p&gt;4.Adding JS
Inside the xul file&lt;/p&gt;
&lt;div class=&quot;gatsby-highlight&quot; data-language=&quot;xml&quot;&gt;&lt;pre class=&quot;language-xml&quot;&gt;&lt;code class=&quot;language-xml&quot;&gt;&lt;span class=&quot;token tag&quot;&gt;&lt;span class=&quot;token tag&quot;&gt;&lt;span class=&quot;token punctuation&quot;&gt;&amp;lt;&lt;/span&gt;overlay&lt;/span&gt; &lt;span class=&quot;token attr-name&quot;&gt;id&lt;/span&gt;&lt;span class=&quot;token attr-value&quot;&gt;&lt;span class=&quot;token punctuation&quot;&gt;=&lt;/span&gt;&lt;span class=&quot;token punctuation&quot;&gt;&quot;&lt;/span&gt;sample&lt;span class=&quot;token punctuation&quot;&gt;&quot;&lt;/span&gt;&lt;/span&gt;
        &lt;span class=&quot;token attr-name&quot;&gt;xmlns&lt;/span&gt;&lt;span class=&quot;token attr-value&quot;&gt;&lt;span class=&quot;token punctuation&quot;&gt;=&lt;/span&gt;&lt;span class=&quot;token punctuation&quot;&gt;&quot;&lt;/span&gt;http://www.mozilla.org/keymaster/gatekeeper/there.is.only.xul&lt;span class=&quot;token punctuation&quot;&gt;&quot;&lt;/span&gt;&lt;/span&gt;&lt;span class=&quot;token punctuation&quot;&gt;&gt;&lt;/span&gt;&lt;/span&gt;
    &lt;span class=&quot;token tag&quot;&gt;&lt;span class=&quot;token tag&quot;&gt;&lt;span class=&quot;token punctuation&quot;&gt;&amp;lt;&lt;/span&gt;statusbar&lt;/span&gt; &lt;span class=&quot;token attr-name&quot;&gt;id&lt;/span&gt;&lt;span class=&quot;token attr-value&quot;&gt;&lt;span class=&quot;token punctuation&quot;&gt;=&lt;/span&gt;&lt;span class=&quot;token punctuation&quot;&gt;&quot;&lt;/span&gt;status-bar&lt;span class=&quot;token punctuation&quot;&gt;&quot;&lt;/span&gt;&lt;/span&gt;&lt;span class=&quot;token punctuation&quot;&gt;&gt;&lt;/span&gt;&lt;/span&gt;
        &lt;span class=&quot;token tag&quot;&gt;&lt;span class=&quot;token tag&quot;&gt;&lt;span class=&quot;token punctuation&quot;&gt;&amp;lt;&lt;/span&gt;button&lt;/span&gt; &lt;span class=&quot;token attr-name&quot;&gt;label&lt;/span&gt;&lt;span class=&quot;token attr-value&quot;&gt;&lt;span class=&quot;token punctuation&quot;&gt;=&lt;/span&gt;&lt;span class=&quot;token punctuation&quot;&gt;&quot;&lt;/span&gt;Click Me&lt;span class=&quot;token punctuation&quot;&gt;&quot;&lt;/span&gt;&lt;/span&gt; &lt;span class=&quot;token attr-name&quot;&gt;oncommand&lt;/span&gt;&lt;span class=&quot;token attr-value&quot;&gt;&lt;span class=&quot;token punctuation&quot;&gt;=&lt;/span&gt;&lt;span class=&quot;token punctuation&quot;&gt;&quot;&lt;/span&gt;MyCommand(this)&lt;span class=&quot;token punctuation&quot;&gt;&quot;&lt;/span&gt;&lt;/span&gt;&lt;span class=&quot;token punctuation&quot;&gt;/&gt;&lt;/span&gt;&lt;/span&gt;
    &lt;span class=&quot;token tag&quot;&gt;&lt;span class=&quot;token tag&quot;&gt;&lt;span class=&quot;token punctuation&quot;&gt;&amp;lt;/&lt;/span&gt;statusbar&lt;/span&gt;&lt;span class=&quot;token punctuation&quot;&gt;&gt;&lt;/span&gt;&lt;/span&gt;
 
    &lt;span class=&quot;token tag&quot;&gt;&lt;span class=&quot;token tag&quot;&gt;&lt;span class=&quot;token punctuation&quot;&gt;&amp;lt;&lt;/span&gt;script&lt;/span&gt; &lt;span class=&quot;token attr-name&quot;&gt;type&lt;/span&gt;&lt;span class=&quot;token attr-value&quot;&gt;&lt;span class=&quot;token punctuation&quot;&gt;=&lt;/span&gt;&lt;span class=&quot;token punctuation&quot;&gt;&quot;&lt;/span&gt;application/x-javascript&lt;span class=&quot;token punctuation&quot;&gt;&quot;&lt;/span&gt;&lt;/span&gt;&lt;span class=&quot;token punctuation&quot;&gt;&gt;&lt;/span&gt;&lt;/span&gt;&lt;span class=&quot;token cdata&quot;&gt;&amp;lt;![CDATA[
function MyCommand( me ) {
    me.label = &apos;Hello, You have clicked it&apos;;
}
    ]]&gt;&lt;/span&gt;&lt;span class=&quot;token tag&quot;&gt;&lt;span class=&quot;token tag&quot;&gt;&lt;span class=&quot;token punctuation&quot;&gt;&amp;lt;/&lt;/span&gt;script&lt;/span&gt;&lt;span class=&quot;token punctuation&quot;&gt;&gt;&lt;/span&gt;&lt;/span&gt;
&lt;span class=&quot;token tag&quot;&gt;&lt;span class=&quot;token tag&quot;&gt;&lt;span class=&quot;token punctuation&quot;&gt;&amp;lt;/&lt;/span&gt;overlay&lt;/span&gt;&lt;span class=&quot;token punctuation&quot;&gt;&gt;&lt;/span&gt;&lt;/span&gt;&lt;/code&gt;&lt;/pre&gt;&lt;/div&gt;
&lt;p&gt;Another example&lt;/p&gt;
&lt;div class=&quot;gatsby-highlight&quot; data-language=&quot;xml&quot;&gt;&lt;pre class=&quot;language-xml&quot;&gt;&lt;code class=&quot;language-xml&quot;&gt;&lt;span class=&quot;token tag&quot;&gt;&lt;span class=&quot;token tag&quot;&gt;&lt;span class=&quot;token punctuation&quot;&gt;&amp;lt;&lt;/span&gt;overlay&lt;/span&gt; &lt;span class=&quot;token attr-name&quot;&gt;id&lt;/span&gt;&lt;span class=&quot;token attr-value&quot;&gt;&lt;span class=&quot;token punctuation&quot;&gt;=&lt;/span&gt;&lt;span class=&quot;token punctuation&quot;&gt;&quot;&lt;/span&gt;sample&lt;span class=&quot;token punctuation&quot;&gt;&quot;&lt;/span&gt;&lt;/span&gt;
        &lt;span class=&quot;token attr-name&quot;&gt;xmlns&lt;/span&gt;&lt;span class=&quot;token attr-value&quot;&gt;&lt;span class=&quot;token punctuation&quot;&gt;=&lt;/span&gt;&lt;span class=&quot;token punctuation&quot;&gt;&quot;&lt;/span&gt;http://www.mozilla.org/keymaster/gatekeeper/there.is.only.xul&lt;span class=&quot;token punctuation&quot;&gt;&quot;&lt;/span&gt;&lt;/span&gt;&lt;span class=&quot;token punctuation&quot;&gt;&gt;&lt;/span&gt;&lt;/span&gt;
    &lt;span class=&quot;token tag&quot;&gt;&lt;span class=&quot;token tag&quot;&gt;&lt;span class=&quot;token punctuation&quot;&gt;&amp;lt;&lt;/span&gt;statusbar&lt;/span&gt; &lt;span class=&quot;token attr-name&quot;&gt;id&lt;/span&gt;&lt;span class=&quot;token attr-value&quot;&gt;&lt;span class=&quot;token punctuation&quot;&gt;=&lt;/span&gt;&lt;span class=&quot;token punctuation&quot;&gt;&quot;&lt;/span&gt;status-bar&lt;span class=&quot;token punctuation&quot;&gt;&quot;&lt;/span&gt;&lt;/span&gt;&lt;span class=&quot;token punctuation&quot;&gt;&gt;&lt;/span&gt;&lt;/span&gt;
        &lt;span class=&quot;token tag&quot;&gt;&lt;span class=&quot;token tag&quot;&gt;&lt;span class=&quot;token punctuation&quot;&gt;&amp;lt;&lt;/span&gt;button&lt;/span&gt; &lt;span class=&quot;token attr-name&quot;&gt;label&lt;/span&gt;&lt;span class=&quot;token attr-value&quot;&gt;&lt;span class=&quot;token punctuation&quot;&gt;=&lt;/span&gt;&lt;span class=&quot;token punctuation&quot;&gt;&quot;&lt;/span&gt;Click Me&lt;span class=&quot;token punctuation&quot;&gt;&quot;&lt;/span&gt;&lt;/span&gt; &lt;span class=&quot;token attr-name&quot;&gt;oncommand&lt;/span&gt;&lt;span class=&quot;token attr-value&quot;&gt;&lt;span class=&quot;token punctuation&quot;&gt;=&lt;/span&gt;&lt;span class=&quot;token punctuation&quot;&gt;&quot;&lt;/span&gt;MyCommand(this)&lt;span class=&quot;token punctuation&quot;&gt;&quot;&lt;/span&gt;&lt;/span&gt;&lt;span class=&quot;token punctuation&quot;&gt;/&gt;&lt;/span&gt;&lt;/span&gt;
    &lt;span class=&quot;token tag&quot;&gt;&lt;span class=&quot;token tag&quot;&gt;&lt;span class=&quot;token punctuation&quot;&gt;&amp;lt;/&lt;/span&gt;statusbar&lt;/span&gt;&lt;span class=&quot;token punctuation&quot;&gt;&gt;&lt;/span&gt;&lt;/span&gt;

    &lt;span class=&quot;token tag&quot;&gt;&lt;span class=&quot;token tag&quot;&gt;&lt;span class=&quot;token punctuation&quot;&gt;&amp;lt;&lt;/span&gt;script&lt;/span&gt; &lt;span class=&quot;token attr-name&quot;&gt;type&lt;/span&gt;&lt;span class=&quot;token attr-value&quot;&gt;&lt;span class=&quot;token punctuation&quot;&gt;=&lt;/span&gt;&lt;span class=&quot;token punctuation&quot;&gt;&quot;&lt;/span&gt;application/x-javascript&lt;span class=&quot;token punctuation&quot;&gt;&quot;&lt;/span&gt;&lt;/span&gt; &lt;span class=&quot;token attr-name&quot;&gt;src&lt;/span&gt;&lt;span class=&quot;token attr-value&quot;&gt;&lt;span class=&quot;token punctuation&quot;&gt;=&lt;/span&gt;&lt;span class=&quot;token punctuation&quot;&gt;&quot;&lt;/span&gt;my.js&lt;span class=&quot;token punctuation&quot;&gt;&quot;&lt;/span&gt;&lt;/span&gt; &lt;span class=&quot;token punctuation&quot;&gt;/&gt;&lt;/span&gt;&lt;/span&gt;
&lt;span class=&quot;token tag&quot;&gt;&lt;span class=&quot;token tag&quot;&gt;&lt;span class=&quot;token punctuation&quot;&gt;&amp;lt;/&lt;/span&gt;overlay&lt;/span&gt;&lt;span class=&quot;token punctuation&quot;&gt;&gt;&lt;/span&gt;&lt;/span&gt;&lt;/code&gt;&lt;/pre&gt;&lt;/div&gt;
&lt;p&gt;For separate file system as my.js file&lt;/p&gt;
&lt;div class=&quot;gatsby-highlight&quot; data-language=&quot;js&quot;&gt;&lt;pre class=&quot;language-js&quot;&gt;&lt;code class=&quot;language-js&quot;&gt;&lt;span class=&quot;token keyword&quot;&gt;function&lt;/span&gt; &lt;span class=&quot;token function&quot;&gt;MyCommand&lt;/span&gt;&lt;span class=&quot;token punctuation&quot;&gt;(&lt;/span&gt; &lt;span class=&quot;token parameter&quot;&gt;me&lt;/span&gt; &lt;span class=&quot;token punctuation&quot;&gt;)&lt;/span&gt; &lt;span class=&quot;token punctuation&quot;&gt;{&lt;/span&gt;
    &lt;span class=&quot;token keyword&quot;&gt;var&lt;/span&gt; consoleService &lt;span class=&quot;token operator&quot;&gt;=&lt;/span&gt; Components&lt;span class=&quot;token punctuation&quot;&gt;.&lt;/span&gt;
            classes&lt;span class=&quot;token punctuation&quot;&gt;[&lt;/span&gt;&lt;span class=&quot;token string&quot;&gt;&quot;@mozilla.org/consoleservice;1&quot;&lt;/span&gt;&lt;span class=&quot;token punctuation&quot;&gt;]&lt;/span&gt;&lt;span class=&quot;token punctuation&quot;&gt;.&lt;/span&gt;
            &lt;span class=&quot;token function&quot;&gt;getService&lt;/span&gt;&lt;span class=&quot;token punctuation&quot;&gt;(&lt;/span&gt; Components&lt;span class=&quot;token punctuation&quot;&gt;.&lt;/span&gt;interfaces&lt;span class=&quot;token punctuation&quot;&gt;.&lt;/span&gt;nsIConsoleService &lt;span class=&quot;token punctuation&quot;&gt;)&lt;/span&gt;&lt;span class=&quot;token punctuation&quot;&gt;;&lt;/span&gt;
    consoleService&lt;span class=&quot;token punctuation&quot;&gt;.&lt;/span&gt;&lt;span class=&quot;token function&quot;&gt;logStringMessage&lt;/span&gt;&lt;span class=&quot;token punctuation&quot;&gt;(&lt;/span&gt; &lt;span class=&quot;token string&quot;&gt;&apos;You have clicked it&apos;&lt;/span&gt; &lt;span class=&quot;token punctuation&quot;&gt;)&lt;/span&gt;&lt;span class=&quot;token punctuation&quot;&gt;;&lt;/span&gt;
&lt;span class=&quot;token punctuation&quot;&gt;}&lt;/span&gt;&lt;/code&gt;&lt;/pre&gt;&lt;/div&gt;
&lt;p&gt;&lt;strong&gt;Check Out Github&lt;/strong&gt;&lt;/p&gt;
&lt;p&gt;Github Url &lt;a href=&quot;https://github.com/Gitsanto/CommonVBA.Utility/&quot; target=&quot;_blank&quot; rel=&quot;nofollow noopener noreferrer&quot;&gt;links&lt;/a&gt;&lt;/p&gt;</content:encoded></item><item><title><![CDATA[VBA Utility Module for Smooth Coding]]></title><description><![CDATA[VBA Utility Module for Smooth Coding]]></description><link>https://santosrai.site//posts/CommonVBAUtility/</link><guid isPermaLink="false">https://santosrai.site//posts/CommonVBAUtility/</guid><pubDate>Thu, 17 Oct 2019 07:14:12 GMT</pubDate><content:encoded>&lt;p&gt;&lt;strong&gt;Introduction&lt;/strong&gt; &lt;/p&gt;
&lt;p&gt;This is utility module for vba.&lt;/p&gt;
&lt;p&gt;&lt;strong&gt;Check Out Github&lt;/strong&gt;&lt;/p&gt;
&lt;p&gt;Github Url &lt;a href=&quot;https://github.com/Gitsanto/CommonVBA.Utility/&quot; target=&quot;_blank&quot; rel=&quot;nofollow noopener noreferrer&quot;&gt;links&lt;/a&gt;&lt;/p&gt;</content:encoded></item><item><title><![CDATA[Dev-notebook (coding note book)]]></title><description><![CDATA[This is the way how I learn programming every day. I try to learn new skills and programming at my own pace. ]]></description><link>https://santosrai.site//posts/Dev-notebook/</link><guid isPermaLink="false">https://santosrai.site//posts/Dev-notebook/</guid><pubDate>Sun, 11 Aug 2019 04:30:53 GMT</pubDate><content:encoded>&lt;p&gt;&lt;strong&gt;Introduction&lt;/strong&gt; &lt;/p&gt;
&lt;p&gt;This is the way how I learn programming every day. I try to learn new skills and programming at my own pace.  There may be many errors or mistakes on this blog but I needed a way to track my software development over time. So basically I write whatever I think and work on.&lt;/p&gt;
&lt;p&gt;&lt;strong&gt;Check Out My Work&lt;/strong&gt;&lt;/p&gt;
&lt;p&gt;Here is my &lt;a href=&quot;https://devgitnotebook.netlify.com/&quot; target=&quot;_blank&quot; rel=&quot;nofollow noopener noreferrer&quot;&gt;work links&lt;/a&gt;&lt;/p&gt;</content:encoded></item><item><title><![CDATA[Design Pattern With VBA]]></title><description><![CDATA[Implimenting Design Pattern On VBA Programming]]></description><link>https://santosrai.site//posts/Design Pattern With VBA/</link><guid isPermaLink="false">https://santosrai.site//posts/Design Pattern With VBA/</guid><pubDate>Tue, 11 Jun 2019 04:29:21 GMT</pubDate><content:encoded>&lt;p&gt;Well VBA is good Object Oriented Programming expect Inheritance feature.&lt;/p&gt;
&lt;ul&gt;
&lt;li&gt;Abstraction&lt;/li&gt;
&lt;li&gt;Encapsulation&lt;/li&gt;
&lt;li&gt;Polymorphism&lt;/li&gt;
&lt;/ul&gt;
&lt;p&gt;Here is my work &lt;a href=&quot;https://github.com/Gitsanto/DesignPatternWithVBA.git&quot; target=&quot;_blank&quot; rel=&quot;nofollow noopener noreferrer&quot;&gt;links&lt;/a&gt;&lt;/p&gt;</content:encoded></item><item><title><![CDATA[FB-Instant Flappy Bird with Phaser 3]]></title><description><![CDATA[An HTML5 based game which is deployed on FB-Instant Platform.]]></description><link>https://santosrai.site//posts/FB-Instant Flappy Bird with Phaser 3/</link><guid isPermaLink="false">https://santosrai.site//posts/FB-Instant Flappy Bird with Phaser 3/</guid><pubDate>Sat, 08 Jun 2019 22:40:32 GMT</pubDate><content:encoded>&lt;h3 id=&quot;what-i-did&quot; style=&quot;position:relative;&quot;&gt;&lt;a href=&quot;#what-i-did&quot; aria-label=&quot;what i did permalink&quot; class=&quot;anchor before&quot;&gt;&lt;svg aria-hidden=&quot;true&quot; focusable=&quot;false&quot; height=&quot;16&quot; version=&quot;1.1&quot; viewBox=&quot;0 0 16 16&quot; width=&quot;16&quot;&gt;&lt;path fill-rule=&quot;evenodd&quot; d=&quot;M4 9h1v1H4c-1.5 0-3-1.69-3-3.5S2.55 3 4 3h4c1.45 0 3 1.69 3 3.5 0 1.41-.91 2.72-2 3.25V8.59c.58-.45 1-1.27 1-2.09C10 5.22 8.98 4 8 4H4c-.98 0-2 1.22-2 2.5S3 9 4 9zm9-3h-1v1h1c1 0 2 1.22 2 2.5S13.98 12 13 12H9c-.98 0-2-1.22-2-2.5 0-.83.42-1.64 1-2.09V6.25c-1.09.53-2 1.84-2 3.25C6 11.31 7.55 13 9 13h4c1.45 0 3-1.69 3-3.5S14.5 6 13 6z&quot;&gt;&lt;/path&gt;&lt;/svg&gt;&lt;/a&gt;What I did?&lt;/h3&gt;
&lt;ul&gt;
&lt;li&gt;&lt;a href=&quot;https://developers.facebook.com/docs/games/instant-games/getting-started/quickstart/&quot; target=&quot;_blank&quot; rel=&quot;nofollow noopener noreferrer&quot;&gt;Learn FB Instant game&lt;/a&gt;&lt;/li&gt;
&lt;li&gt;&lt;a href=&quot;https://phaser.io/tutorials/making-your-first-phaser-3-game&quot; target=&quot;_blank&quot; rel=&quot;nofollow noopener noreferrer&quot;&gt;Learn Phaser&lt;/a&gt;&lt;/li&gt;
&lt;li&gt;&lt;a href=&quot;#&quot;&gt;Wireframe for Flappy Bird&lt;/a&gt;&lt;/li&gt;
&lt;li&gt;&lt;a href=&quot;https://github.com/Gitsanto/FlappyBird/tree/FB&quot; target=&quot;_blank&quot; rel=&quot;nofollow noopener noreferrer&quot;&gt;Start Coding&lt;/a&gt;&lt;/li&gt;
&lt;/ul&gt;</content:encoded></item><item><title><![CDATA[Learning Ui Path]]></title><description><![CDATA[This is UiPath Project]]></description><link>https://santosrai.site//posts/Learning Ui Path</link><guid isPermaLink="false">https://santosrai.site//posts/Learning Ui Path</guid><pubDate>Thu, 01 Dec 2016 22:40:32 GMT</pubDate><content:encoded>&lt;p&gt;&lt;strong&gt;Introduction&lt;/strong&gt; &lt;/p&gt;
&lt;p&gt;My UiPath Projects are&lt;/p&gt;
&lt;ul&gt;
&lt;li&gt;File Download With VBA Tool&lt;/li&gt;
&lt;li&gt;File Download From Website&lt;/li&gt;
&lt;/ul&gt;</content:encoded></item></channel></rss>