{"data":{"allMarkdownRemark":{"group":[{"fieldValue":"","totalCount":1},{"fieldValue":"Design Pattern","totalCount":1},{"fieldValue":"FB-Instant Game","totalCount":1},{"fieldValue":"Flutter","totalCount":1},{"fieldValue":"GithubActions","totalCount":1},{"fieldValue":"HTML5 Game","totalCount":1},{"fieldValue":"JavaScript","totalCount":3},{"fieldValue":"JavaScript Operator","totalCount":1},{"fieldValue":"MVC","totalCount":1},{"fieldValue":"Phaser 3","totalCount":1},{"fieldValue":"React","totalCount":1},{"fieldValue":"Thunderbirdaddon","totalCount":1},{"fieldValue":"UiPath","totalCount":1},{"fieldValue":"VBA","totalCount":3},{"fieldValue":"Web Development","totalCount":1}]}}}