{"data":{"site":{"siteMetadata":{"author":{"name":"Santosh Rai","bio":"Web Developer | VBA Developer | RPA Developer","photo":"/photo.jpg","contacts":{"email":"me.santosrai@gmail.com","telegram":"#","twitter":"54ntosh","github":"gitsanto","rss":"#","vkontakte":"#"}},"menu":[{"label":"Projects","path":"/"},{"label":"About me","path":"/pages/about"}],"url":"https://santosrai.site/","title":"Blog by Santosh Rai","subtitle":"Santosh Rai Blog","copyright":"© All rights reserved.","disqusShortname":""}}}}