{"data":{"allMarkdownRemark":{"group":[{"fieldValue":"CI/CD","totalCount":1},{"fieldValue":"Design Pattern VBA","totalCount":1},{"fieldValue":"JavaScript","totalCount":1},{"fieldValue":"JavaScript Operator","totalCount":1},{"fieldValue":"MVC Pattern","totalCount":1},{"fieldValue":"Phaser 3","totalCount":1},{"fieldValue":"Programming Learning Note","totalCount":1},{"fieldValue":"Thunderbird addon","totalCount":1},{"fieldValue":"UiPath","totalCount":1},{"fieldValue":"VBA Utility","totalCount":1}]}}}