{"data":{"site":{"siteMetadata":{"author":{"name":"Santosh Rai","bio":"Web Developer | VBA Developer | RPA Developer","photo":"/photo.jpg","contacts":{"email":"me.santosrai@gmail.com","twitter":"54ntosh","github":"gitsanto"}},"menu":[{"label":"Blogs","path":"/"},{"label":"Projects","path":"/pages/projects"},{"label":"About me","path":"/pages/about"},{"label":"Newsletter","path":"https://santoshrai.substack.com/subscribe"}],"url":"https://santosrai.site/","title":"Programming Blog by Santosh Rai","subtitle":"Santosh Rai Blog","copyright":"© All rights reserved.","disqusShortname":""}}}}